{"task":"B","milktank":"CUIQVGL7N2","minTemperature":-3.5953972493609143,"maxTemperature":0.4754706728728122,"avgTemperature":-1.831375941813396,"minHumidity":60.144005947824986,"maxHumidity":76.65764295255259,"avgHumidity":69.13189269448434,"features":{"type":1,"values":[1.0,-3.5953972493609143,0.4754706728728122,-1.831375941813396,60.144005947824986,76.65764295255259,69.13189269448434]},"scaledFeatures":{"type":1,"values":[2.0090007704824338,-3.6597444491091964,0.21926820776372521,-2.4830953273755836,6.9302924878582255,8.837749001454878,22.012942557486575]},"rawPrediction":{"type":1,"values":[6.4403249639873215,-6.692828765441]},"probability":{"type":1,"values":[0.9999980214686046,1.9785313954021834E-6]},"prediction":0.0,"stage":"Prediction"}
{"task":"B","milktank":"XOMF47DAQ6","minTemperature":-3.5953972493609143,"maxTemperature":0.4754706728728122,"avgTemperature":-1.831375941813396,"minHumidity":60.144005947824986,"maxHumidity":76.65764295255259,"avgHumidity":69.13189269448434,"features":{"type":1,"values":[1.0,-3.5953972493609143,0.4754706728728122,-1.831375941813396,60.144005947824986,76.65764295255259,69.13189269448434]},"scaledFeatures":{"type":1,"values":[2.0090007704824338,-3.6597444491091964,0.21926820776372521,-2.4830953273755836,6.9302924878582255,8.837749001454878,22.012942557486575]},"rawPrediction":{"type":1,"values":[6.4403249639873215,-6.692828765441]},"probability":{"type":1,"values":[0.9999980214686046,1.9785313954021834E-6]},"prediction":0.0,"stage":"Prediction"}
{"task":"B","milktank":"THID068VMQ","minTemperature":-3.5953972493609143,"maxTemperature":0.4754706728728122,"avgTemperature":-1.831375941813396,"minHumidity":60.144005947824986,"maxHumidity":76.65764295255259,"avgHumidity":69.13189269448434,"features":{"type":1,"values":[1.0,-3.5953972493609143,0.4754706728728122,-1.831375941813396,60.144005947824986,76.65764295255259,69.13189269448434]},"scaledFeatures":{"type":1,"values":[2.0090007704824338,-3.6597444491091964,0.21926820776372521,-2.4830953273755836,6.9302924878582255,8.837749001454878,22.012942557486575]},"rawPrediction":{"type":1,"values":[6.4403249639873215,-6.692828765441]},"probability":{"type":1,"values":[0.9999980214686046,1.9785313954021834E-6]},"prediction":0.0,"stage":"Prediction"}
{"task":"B","milktank":"1EW628BTI8","minTemperature":-3.5953972493609143,"maxTemperature":0.4754706728728122,"avgTemperature":-1.831375941813396,"minHumidity":60.144005947824986,"maxHumidity":76.65764295255259,"avgHumidity":69.13189269448434,"features":{"type":1,"values":[1.0,-3.5953972493609143,0.4754706728728122,-1.831375941813396,60.144005947824986,76.65764295255259,69.13189269448434]},"scaledFeatures":{"type":1,"values":[2.0090007704824338,-3.6597444491091964,0.21926820776372521,-2.4830953273755836,6.9302924878582255,8.837749001454878,22.012942557486575]},"rawPrediction":{"type":1,"values":[6.4403249639873215,-6.692828765441]},"probability":{"type":1,"values":[0.9999980214686046,1.9785313954021834E-6]},"prediction":0.0,"stage":"Prediction"}
{"task":"D","milktank":"CUIQVGL7N2","minTemperature":0.08262667656592892,"maxTemperature":4.784353558677321,"avgTemperature":2.2669811807880262,"minHumidity":61.29266186766257,"maxHumidity":78.96031042876001,"avgHumidity":68.52637389585833,"features":{"type":1,"values":[1.0,0.08262667656592892,4.784353558677321,2.2669811807880262,61.29266186766257,78.96031042876001,68.52637389585833]},"scaledFeatures":{"type":1,"values":[2.0090007704824338,0.08410545481844875,2.2063540192305364,3.0737164602529754,7.062650174496026,9.103220210909239,21.820133565686817]},"rawPrediction":{"type":1,"values":[-11.504986059990754,11.190160408771371]},"probability":{"type":1,"values":[1.3919483565426716E-10,0.9999999998608051]},"prediction":1.0,"stage":"Prediction"}
{"task":"D","milktank":"XOMF47DAQ6","minTemperature":0.08262667656592892,"maxTemperature":4.784353558677321,"avgTemperature":2.2669811807880262,"minHumidity":61.29266186766257,"maxHumidity":78.96031042876001,"avgHumidity":68.52637389585833,"features":{"type":1,"values":[1.0,0.08262667656592892,4.784353558677321,2.2669811807880262,61.29266186766257,78.96031042876001,68.52637389585833]},"scaledFeatures":{"type":1,"values":[2.0090007704824338,0.08410545481844875,2.2063540192305364,3.0737164602529754,7.062650174496026,9.103220210909239,21.820133565686817]},"rawPrediction":{"type":1,"values":[-11.504986059990754,11.190160408771371]},"probability":{"type":1,"values":[1.3919483565426716E-10,0.9999999998608051]},"prediction":1.0,"stage":"Prediction"}
{"task":"D","milktank":"THID068VMQ","minTemperature":0.08262667656592892,"maxTemperature":4.784353558677321,"avgTemperature":2.2669811807880262,"minHumidity":61.29266186766257,"maxHumidity":78.96031042876001,"avgHumidity":68.52637389585833,"features":{"type":1,"values":[1.0,0.08262667656592892,4.784353558677321,2.2669811807880262,61.29266186766257,78.96031042876001,68.52637389585833]},"scaledFeatures":{"type":1,"values":[2.0090007704824338,0.08410545481844875,2.2063540192305364,3.0737164602529754,7.062650174496026,9.103220210909239,21.820133565686817]},"rawPrediction":{"type":1,"values":[-11.504986059990754,11.190160408771371]},"probability":{"type":1,"values":[1.3919483565426716E-10,0.9999999998608051]},"prediction":1.0,"stage":"Prediction"}
{"task":"D","milktank":"1EW628BTI8","minTemperature":0.08262667656592892,"maxTemperature":4.784353558677321,"avgTemperature":2.2669811807880262,"minHumidity":61.29266186766257,"maxHumidity":78.96031042876001,"avgHumidity":68.52637389585833,"features":{"type":1,"values":[1.0,0.08262667656592892,4.784353558677321,2.2669811807880262,61.29266186766257,78.96031042876001,68.52637389585833]},"scaledFeatures":{"type":1,"values":[2.0090007704824338,0.08410545481844875,2.2063540192305364,3.0737164602529754,7.062650174496026,9.103220210909239,21.820133565686817]},"rawPrediction":{"type":1,"values":[-11.504986059990754,11.190160408771371]},"probability":{"type":1,"values":[1.3919483565426716E-10,0.9999999998608051]},"prediction":1.0,"stage":"Prediction"}
