{"task":"CB","milktank":"1EW628BTI8","minTemperature":2.7492227075120654,"maxTemperature":4.975515203854476,"avgTemperature":3.95703767935525,"minPreasure":1.1302667785757028,"maxPreasure":1.4748685252246005,"avgPreasure":1.295172503280739,"features":{"type":1,"values":[1.0,2.7492227075120654,4.975515203854476,3.95703767935525,1.1302667785757028,1.4748685252246005,1.295172503280739]},"scaledFeatures":{"type":1,"values":[2.0094182261954994,1.2414758812960272,3.9528111176394467,4.206359431425643,3.5537259463572184,2.0769014404791375,4.591922723673809]},"rawPrediction":{"type":1,"values":[-13.026717954490012,13.180687083424969]},"probability":{"type":1,"values":[4.1521076716655486E-12,0.999999999995848]},"prediction":1.0,"stage":"Prediction"}
{"task":"CB","milktank":"CUIQVGL7N2","minTemperature":2.2041431588244738,"maxTemperature":3.854765052808987,"avgTemperature":3.104561714560597,"minPreasure":0.8643708996665576,"maxPreasure":1.3699462869716241,"avgPreasure":1.1007960623608475,"features":{"type":1,"values":[1.0,2.2041431588244738,3.854765052808987,3.104561714560597,0.8643708996665576,1.3699462869716241,1.1007960623608475]},"scaledFeatures":{"type":1,"values":[2.0094182261954994,0.9953324491054218,3.0624282174491833,3.3001713672366946,2.7177099704655605,1.9291505433388538,3.9027777690473133]},"rawPrediction":{"type":1,"values":[-13.077086494214313,13.230602949164854]},"probability":{"type":1,"values":[3.755914030649599E-12,0.9999999999962441]},"prediction":1.0,"stage":"Prediction"}
{"task":"CB","milktank":"THID068VMQ","minTemperature":3.1245507618817734,"maxTemperature":4.117908162679608,"avgTemperature":3.8001889291564908,"minPreasure":0.9084320363340425,"maxPreasure":1.4116918466775474,"avgPreasure":1.0773305392732608,"features":{"type":1,"values":[1.0,3.1245507618817734,4.117908162679608,3.8001889291564908,0.9084320363340425,1.4116918466775474,1.0773305392732608]},"scaledFeatures":{"type":1,"values":[2.0094182261954994,1.4109640518253008,3.271482952006323,4.039628085108674,2.8562447018840555,1.9879364022842378,3.8195827750091906]},"rawPrediction":{"type":1,"values":[-14.15805239689513,14.314222899363436]},"probability":{"type":1,"values":[4.3116941997373055E-13,0.9999999999995688]},"prediction":1.0,"stage":"Prediction"}
{"task":"CB","milktank":"XOMF47DAQ6","minTemperature":2.8111087474749317,"maxTemperature":3.960485589359761,"avgTemperature":3.383870629857733,"minPreasure":0.9714773899021866,"maxPreasure":1.4603612533215846,"avgPreasure":1.2764011581938384,"features":{"type":1,"values":[1.0,2.8111087474749317,3.960485589359761,3.383870629857733,0.9714773899021866,1.4603612533215846,1.2764011581938384]},"scaledFeatures":{"type":1,"values":[2.0094182261954994,1.2694219715828883,3.146418175296557,3.5970787472879264,3.0544686194751822,2.0564723829750404,4.525370534031023]},"rawPrediction":{"type":1,"values":[-13.490119947633453,13.64277885938209]},"probability":{"type":1,"values":[1.6456283861121184E-12,0.9999999999983544]},"prediction":1.0,"stage":"Prediction"}
{"task":"CC","milktank":"CUIQVGL7N2","minTemperature":71.32633921983248,"maxTemperature":79.69729210930927,"avgTemperature":74.50487981531315,"minPreasure":0.7644803001479019,"maxPreasure":1.2425644876109159,"avgPreasure":0.9234626897405388,"features":{"type":1,"values":[1.0,71.32633921983248,79.69729210930927,74.50487981531315,0.7644803001479019,1.2425644876109159,0.9234626897405388]},"scaledFeatures":{"type":1,"values":[2.008674322777681,9.598349718251432,10.617032757835021,20.654895849767126,2.401066394450777,1.7318647388023738,3.4341888277125254]},"rawPrediction":{"type":1,"values":[-10.508681849813344,10.565426586912386]},"probability":{"type":1,"values":[7.040945692790808E-10,0.9999999992959054]},"prediction":1.0,"stage":"Prediction"}
{"task":"CC","milktank":"THID068VMQ","minTemperature":72.60391831625219,"maxTemperature":75.67243796864338,"avgTemperature":73.7891699435985,"minPreasure":0.750027808206272,"maxPreasure":1.1028017620599941,"avgPreasure":0.9469196031869448,"features":{"type":1,"values":[1.0,72.60391831625219,75.67243796864338,73.7891699435985,0.750027808206272,1.1028017620599941,0.9469196031869448]},"scaledFeatures":{"type":1,"values":[2.008674322777681,9.770272896901746,10.080853834737503,20.45648048562506,2.3556742598066216,1.5370658864337972,3.521420798191918]},"rawPrediction":{"type":1,"values":[-11.063820893213691,11.082109852162583]},"probability":{"type":1,"values":[2.4107072865043934E-10,0.9999999997589293]},"prediction":1.0,"stage":"Prediction"}
{"task":"CC","milktank":"1EW628BTI8","minTemperature":72.48431609640791,"maxTemperature":77.74296299694504,"avgTemperature":75.58211123579119,"minPreasure":0.7590914597576807,"maxPreasure":1.4977791437440735,"avgPreasure":1.1788606095156324,"features":{"type":1,"values":[1.0,72.48431609640791,77.74296299694504,75.58211123579119,0.7590914597576807,1.4977791437440735,1.1788606095156324]},"scaledFeatures":{"type":1,"values":[2.008674322777681,9.754178086124952,10.356682930928693,20.95353538654949,2.384141218532554,2.0875784809779763,4.383966975175177]},"rawPrediction":{"type":1,"values":[-11.360372839485098,11.359091075211916]},"probability":{"type":1,"values":[1.358507967929253E-10,0.9999999998641491]},"prediction":1.0,"stage":"Prediction"}
{"task":"CC","milktank":"XOMF47DAQ6","minTemperature":73.37936423384696,"maxTemperature":79.83275547102656,"avgTemperature":75.77993673467323,"minPreasure":0.8521717118984635,"maxPreasure":1.2181509557618722,"avgPreasure":1.052285823537003,"features":{"type":1,"values":[1.0,73.37936423384696,79.83275547102656,75.77993673467323,0.8521717118984635,1.2181509557618722,1.052285823537003]},"scaledFeatures":{"type":1,"values":[2.008674322777681,9.874624265359408,10.635078778104647,21.008378305375285,2.6764860511711457,1.6978375833665371,3.9132584985825343]},"rawPrediction":{"type":1,"values":[-11.370551402244265,11.368471341480625]},"probability":{"type":1,"values":[1.3321953041170558E-10,0.9999999998667806]},"prediction":1.0,"stage":"Prediction"}
{"task":"CD","milktank":"THID068VMQ","minTemperature":60.17944376752849,"maxTemperature":74.14453976075913,"avgTemperature":66.20088964470044,"minPreasure":98.72544135224622,"maxPreasure":147.0608986065492,"avgPreasure":128.66570720483705,"features":{"type":1,"values":[1.0,60.17944376752849,74.14453976075913,66.20088964470044,98.72544135224622,147.0608986065492,128.66570720483705]},"scaledFeatures":{"type":1,"values":[2.008844659921147,7.065241132020356,8.809359020272097,13.17799492096769,8.121954984430934,14.357570741421625,14.285751634126772]},"rawPrediction":{"type":1,"values":[-14.466043340145054,13.341664268852805]},"probability":{"type":1,"values":[8.380424754666951E-13,0.999999999999162]},"prediction":1.0,"stage":"Prediction"}
{"task":"CD","milktank":"CUIQVGL7N2","minTemperature":67.54568659292738,"maxTemperature":79.9667241371712,"avgTemperature":73.89857567381712,"minPreasure":99.97730542390129,"maxPreasure":132.61378514040453,"avgPreasure":114.77055611042822,"features":{"type":1,"values":[1.0,67.54568659292738,79.9667241371712,73.89857567381712,99.97730542390129,132.61378514040453,114.77055611042822]},"scaledFeatures":{"type":1,"values":[2.008844659921147,7.93005939121703,9.50111208286482,14.710301630731433,8.224943469438882,12.94709755946135,12.742973206481158]},"rawPrediction":{"type":1,"values":[-12.960752643330435,11.888764495824237]},"probability":{"type":1,"values":[1.614328182021169E-11,0.9999999999838567]},"prediction":1.0,"stage":"Prediction"}
{"task":"CD","milktank":"1EW628BTI8","minTemperature":69.33747149548506,"maxTemperature":73.31523207353415,"avgTemperature":71.1051534156671,"minPreasure":107.74877689006118,"maxPreasure":138.99268323547025,"avgPreasure":124.51578587848914,"features":{"type":1,"values":[1.0,69.33747149548506,73.31523207353415,71.1051534156671,107.74877689006118,138.99268323547025,124.51578587848914]},"scaledFeatures":{"type":1,